Area_del_Edificio,Ano_de_Construccion,Tipo_de_Aislamiento,Numero_de_Ventanas,Sistema_Calefaccion,Sistema_Refrigeracion,Uso_del_Edificio,Ubicacion_Geografica,Medidas_Eficiencia_Energetica,Consumo_Energetico_Anual
296.96607676729616,1928,Básico,15,Moderado,Avanzado,Industrial,Minnesota,1,478.7000840718201
371.8352148675888,2004,Superior,17,Avanzado,Básico,Residencial,Utah,4,297.845979527169
321.24351923223975,1959,Básico,16,Básico,Avanzado,Residencial,Maryland,3,332.39963937319567
295.1974323486036,1992,Avanzado,1,Básico,Avanzado,Comercial,Pennsylvania,9,111.162624929776
240.6446597025071,1965,Básico,1,Avanzado,Avanzado,Industrial,Vermont,9,325.90211042078
340.65235087999525,1902,Moderado,16,Básico,Básico,Residencial,Minnesota,8,93.32009784122958
246.91424506821164,1993,Avanzado,12,Avanzado,Básico,Comercial,Oklahoma,4,206.3823202469212
451.2978503519359,1947,Moderado,12,Moderado,Moderado,Comercial,Minnesota,6,346.6331423706179
483.6482422254632,2006,Superior,4,Moderado,Básico,Industrial,Iowa,9,160.33784436719156
222.5486834716,1964,Básico,11,Moderado,Básico,Comercial,Minnesota,8,147.18759857391797
406.2762671371991,1971,Avanzado,4,Avanzado,Avanzado,Residencial,Oklahoma,5,158.59707127505132
288.002713888807,2013,Moderado,4,Avanzado,Avanzado,Residencial,Maine,7,220.381795310524
305.6200524922696,1969,Superior,3,Básico,Básico,Industrial,Vermont,6,127.95074730215852
466.5184872316975,1927,Básico,7,Avanzado,Avanzado,Residencial,Oklahoma,8,211.9852661297409
81.96622618904912,1966,Avanzado,17,Moderado,Moderado,Industrial,Utah,8,207.044143760808
89.20818486569331,1964,Avanzado,6,Moderado,Moderado,Residencial,Pennsylvania,6,186.1563087409533
59.09827884814658,1904,Superior,1,Avanzado,Moderado,Industrial,Iowa,2,195.62198449931944
424.6789304965721,1975,Avanzado,18,Básico,Avanzado,Comercial,Utah,5,352.9486888370695
400.1705379274327,1942,Básico,10,Avanzado,Avanzado,Comercial,Georgia,6,353.00993918550216
441.5054667110686,1931,Superior,9,Básico,Moderado,Industrial,Pennsylvania,1,240.2705272671872
490.3782540047438,1992,Avanzado,4,Moderado,Avanzado,Comercial,Maryland,10,92.54892408544286
409.6213538975256,1984,Avanzado,10,Avanzado,Básico,Comercial,Oklahoma,1,287.2397928046225
257.6657130138193,1940,Avanzado,13,Avanzado,Básico,Comercial,Maine,9,214.43804300379807
401.23812932890496,1905,Avanzado,10,Avanzado,Básico,Industrial,Oklahoma,5,310.5327764118393
103.22349164101996,2000,Avanzado,6,Moderado,Básico,Comercial,Pennsylvania,8,94.789066004783
337.9644595973857,1967,Moderado,0,Avanzado,Avanzado,Comercial,Minnesota,3,320.949222627563
114.50897933407089,1923,Avanzado,17,Básico,Moderado,Industrial,Minnesota,6,376.1451723148173
475.1010126723128,1929,Básico,4,Moderado,Avanzado,Comercial,Iowa,2,282.27605794065613
284.8317447875322,2016,Superior,5,Básico,Básico,Comercial,Maine,6,86.48854912626723
236.59787299573563,1993,Avanzado,8,Moderado,Moderado,Residencial,Georgia,10,78.8310008944005
169.0500254470821,1934,Avanzado,15,Avanzado,Moderado,Residencial,Minnesota,8,155.08385395928863
398.4051602453975,1987,Moderado,17,Avanzado,Avanzado,Comercial,Michigan,4,406.68156604042497
255.26764949744685,1961,Moderado,18,Básico,Avanzado,Comercial,Maine,8,373.4314385578748
305.7952769908918,1938,Básico,16,Moderado,Moderado,Comercial,Maryland,5,405.277598312721
58.45541019635981,1951,Básico,13,Moderado,Avanzado,Comercial,Iowa,5,292.5481470959815
327.9359736841447,2007,Básico,1,Avanzado,Básico,Industrial,Michigan,3,189.59133929746363
325.4430752250896,1955,Superior,16,Básico,Básico,Residencial,Georgia,9,91.8058535831313
327.6202985936406,1996,Superior,9,Avanzado,Moderado,Industrial,Georgia,7,288.8274323118787
474.6866353315809,1971,Moderado,15,Avanzado,Avanzado,Comercial,Minnesota,1,524.107746210975
356.81913459656755,1980,Moderado,8,Moderado,Avanzado,Industrial,Maryland,8,356.7225745360369
211.7785552582037,2004,Moderado,8,Básico,Avanzado,Industrial,Oklahoma,9,280.12658293770744
246.66437920970367,1925,Moderado,7,Básico,Básico,Residencial,Maine,6,195.24208480129005
363.9340381672692,1946,Moderado,5,Básico,Avanzado,Comercial,Pennsylvania,5,263.9305752945506
77.10146223317142,1949,Moderado,4,Avanzado,Avanzado,Comercial,Michigan,1,310.3051201927577
350.04502195055045,1948,Moderado,5,Básico,Básico,Residencial,Pennsylvania,8,14.527837079264856
351.7870413281717,1914,Moderado,3,Básico,Moderado,Industrial,Iowa,9,165.80406158801716
144.6721524832284,1968,Básico,6,Moderado,Moderado,Comercial,Oklahoma,7,266.0715107989871
108.01683394468398,1962,Moderado,12,Moderado,Avanzado,Residencial,Iowa,4,375.4074909301195
191.94275791588277,1904,Básico,14,Avanzado,Moderado,Comercial,Maryland,9,287.1876927379012
213.66984692418015,1927,Moderado,19,Moderado,Básico,Residencial,Maryland,8,293.128667174826
306.5885466880458,1944,Superior,13,Básico,Avanzado,Residencial,Michigan,2,202.12697498958997
247.37068105804417,1968,Moderado,3,Moderado,Básico,Comercial,Minnesota,3,161.6683528860565
494.76822712665177,1906,Superior,0,Moderado,Avanzado,Industrial,Oklahoma,3,259.1171369599816
95.92016483661264,1942,Básico,2,Moderado,Moderado,Residencial,Pennsylvania,7,92.24742986604078
143.9945402426756,1924,Básico,8,Avanzado,Moderado,Comercial,Iowa,8,277.4637048025689
122.58928304824832,1956,Básico,7,Moderado,Básico,Residencial,Iowa,1,102.98574597997286
343.8987464594293,1952,Superior,6,Básico,Moderado,Comercial,Utah,10,110.97400275770896
163.98122114290194,1947,Moderado,6,Avanzado,Avanzado,Comercial,Maryland,10,249.59718022229023
259.83984778533784,1948,Superior,0,Básico,Básico,Comercial,Vermont,9,40.56747416062871
159.99151640072125,2019,Avanzado,13,Básico,Básico,Residencial,Vermont,8,98.73907633232338
121.53631264048389,1931,Moderado,13,Moderado,Moderado,Industrial,Minnesota,4,418.40967873678807
99.6688135239373,1924,Avanzado,10,Avanzado,Básico,Comercial,Pennsylvania,2,279.3751392354523
345.34831525937307,1984,Avanzado,12,Básico,Avanzado,Comercial,Vermont,7,258.8016271288337
112.1823281068762,2011,Moderado,13,Moderado,Avanzado,Comercial,Vermont,3,318.4451185959747
138.46206275602407,2009,Moderado,13,Avanzado,Básico,Comercial,Pennsylvania,1,320.3617323973361
215.92632679743383,2002,Básico,3,Básico,Moderado,Comercial,Minnesota,4,213.3527020412587
419.4469534315708,1954,Avanzado,13,Moderado,Avanzado,Industrial,Iowa,10,419.0948933001098
93.69557410687756,1904,Moderado,17,Avanzado,Básico,Industrial,Oklahoma,4,393.03420633243576
427.07520837446174,1938,Moderado,5,Básico,Básico,Residencial,Maryland,3,155.47631328315225
93.24428355228338,2004,Avanzado,17,Avanzado,Avanzado,Residencial,Oklahoma,10,192.9728370477814
489.40675925602807,1958,Moderado,12,Básico,Moderado,Industrial,Maine,4,355.18438933551704
260.8930407414657,1959,Avanzado,13,Moderado,Avanzado,Residencial,Oklahoma,7,221.1206982896421
489.5424896856517,1929,Avanzado,7,Básico,Básico,Comercial,Pennsylvania,1,264.5642255332566
322.1804838852707,2022,Básico,4,Moderado,Moderado,Residencial,Pennsylvania,9,94.81135615626258
382.66861072923575,1962,Moderado,13,Avanzado,Avanzado,Comercial,Michigan,2,359.6406541122002
67.6345065144443,2000,Básico,17,Avanzado,Avanzado,Residencial,Pennsylvania,5,329.95635140496984
177.26313315938432,1903,Superior,19,Básico,Moderado,Comercial,Iowa,7,214.82502908810824
104.088452545926,1902,Básico,4,Básico,Moderado,Industrial,Utah,9,171.8950357281096
183.2630888849652,1901,Avanzado,7,Básico,Avanzado,Industrial,Vermont,6,257.9097913287682
103.42747352940982,1950,Superior,19,Avanzado,Básico,Residencial,Utah,10,309.9564224946812
193.0924307272892,1914,Avanzado,2,Avanzado,Moderado,Residencial,Vermont,1,158.9609874497533
236.41834753160148,2019,Avanzado,12,Moderado,Moderado,Industrial,Minnesota,7,202.4470408620608
78.86637335695296,2002,Básico,4,Moderado,Básico,Residencial,Maryland,7,63.8722845846725
361.6124537165089,1929,Básico,17,Básico,Avanzado,Residencial,Michigan,6,325.55337959794247
304.9706543929588,2001,Avanzado,8,Básico,Moderado,Industrial,Georgia,2,288.3261857833113
169.42527092275043,2001,Avanzado,3,Avanzado,Moderado,Industrial,Pennsylvania,3,247.45120889072223
285.46162406001486,1961,Avanzado,8,Básico,Moderado,Comercial,Minnesota,9,103.24887012540732
92.27322984129876,1924,Superior,12,Moderado,Avanzado,Comercial,Oklahoma,6,221.88534103028587
309.17592300028065,1923,Avanzado,13,Avanzado,Moderado,Comercial,Oklahoma,2,304.6416509556502
468.1832889092963,1988,Moderado,10,Moderado,Moderado,Residencial,Iowa,6,191.3436789763767
193.35602860309564,1940,Básico,15,Moderado,Moderado,Industrial,Michigan,8,368.310802091037
350.33467098365674,1904,Básico,3,Básico,Avanzado,Comercial,Georgia,8,129.51791488773122
109.30903808197648,1914,Superior,18,Avanzado,Básico,Comercial,Maryland,4,304.29585005745935
372.3472418533545,1964,Básico,0,Básico,Básico,Residencial,Vermont,4,70.86101022158354
180.2327418262405,1927,Moderado,3,Básico,Avanzado,Industrial,Michigan,6,245.3978181517969
132.43611290320257,1902,Superior,9,Básico,Moderado,Comercial,Pennsylvania,10,50.90697509685933
313.9308206645374,1942,Superior,15,Básico,Avanzado,Industrial,Maryland,3,336.60948993081774
59.0483957843721,2016,Superior,4,Básico,Moderado,Comercial,Maryland,2,192.4476652350428
423.0230131478134,1991,Moderado,18,Avanzado,Moderado,Industrial,Pennsylvania,8,480.24902912639214
52.11296428664618,1979,Básico,6,Avanzado,Básico,Residencial,Iowa,10,33.42475031128707
355.0174415583036,1987,Avanzado,13,Avanzado,Básico,Industrial,Michigan,3,287.3192892219057
171.5035879364742,1919,Avanzado,18,Moderado,Moderado,Comercial,Vermont,10,265.0314612780302
380.8373099551677,1967,Moderado,11,Básico,Básico,Residencial,Utah,2,201.21567422278665
482.9848453028472,2005,Moderado,8,Avanzado,Moderado,Industrial,Oklahoma,4,345.6505918248383
161.9389145839811,1924,Superior,17,Moderado,Moderado,Comercial,Michigan,3,322.8054188532939
309.2708004880266,2005,Superior,19,Avanzado,Moderado,Residencial,Maine,5,353.5404712519918
316.41886907232754,2018,Superior,16,Básico,Básico,Residencial,Georgia,8,151.00748100531757
307.513357605893,1982,Moderado,17,Moderado,Avanzado,Comercial,Maryland,4,443.39557124886767
150.38673468827824,1938,Superior,13,Básico,Básico,Residencial,Georgia,1,104.71856510682832
478.7370551826433,2008,Moderado,0,Avanzado,Avanzado,Comercial,Pennsylvania,10,194.49720869114236
251.20642037793232,1911,Básico,18,Básico,Moderado,Residencial,Maine,8,272.11610166684505
430.8839026120076,1900,Básico,5,Moderado,Avanzado,Industrial,Maine,8,189.690073562774
364.7656738928769,1949,Superior,9,Moderado,Avanzado,Industrial,Michigan,2,347.5761532614964
183.84662788481012,2009,Básico,7,Básico,Avanzado,Residencial,Vermont,7,170.72899595165188
416.2090188661148,2013,Superior,7,Avanzado,Avanzado,Comercial,Georgia,1,356.47083622021165
228.42758338114308,1932,Superior,7,Avanzado,Avanzado,Comercial,Iowa,2,175.89960496860377
446.49643870002274,1994,Superior,14,Moderado,Básico,Comercial,Pennsylvania,9,76.37824009805229
311.57279268613644,1905,Avanzado,6,Básico,Moderado,Comercial,Michigan,2,248.05269358599625
446.78091283468376,2014,Básico,8,Moderado,Básico,Comercial,Minnesota,3,276.04768659777795
361.63921553499466,1954,Básico,15,Básico,Avanzado,Residencial,Michigan,6,282.7391469847452
376.3644259188382,1900,Básico,6,Avanzado,Básico,Comercial,Oklahoma,8,194.0388070711786
275.59597186701603,1958,Superior,5,Avanzado,Moderado,Residencial,Vermont,10,79.6966775709353
480.2376356254508,1927,Moderado,6,Moderado,Avanzado,Comercial,Maryland,4,224.94729193777803
339.79558965333683,1951,Superior,18,Avanzado,Básico,Industrial,Pennsylvania,1,447.6028403161852
240.73477185118085,2006,Avanzado,11,Básico,Avanzado,Industrial,Maine,10,252.48402253811275
322.87694635756594,2022,Superior,8,Moderado,Moderado,Industrial,Maryland,10,251.97009268673696
58.63693923920009,1962,Avanzado,7,Básico,Avanzado,Industrial,Maryland,2,243.51083959456415
185.7086675035472,2010,Avanzado,3,Moderado,Básico,Industrial,Utah,10,179.84352999711552
347.07809187170824,1961,Avanzado,18,Básico,Básico,Comercial,Michigan,9,210.98841170364312
180.53492324469985,2007,Superior,16,Avanzado,Avanzado,Residencial,Vermont,7,251.51981554770123
328.1069430494787,1994,Avanzado,15,Moderado,Básico,Comercial,Georgia,4,267.718269379166
242.9459154255948,1976,Básico,11,Moderado,Moderado,Industrial,Maine,5,389.3656495391889
110.9633289001026,1959,Moderado,18,Básico,Básico,Industrial,Utah,10,311.9354374926849
184.22704668021385,1938,Moderado,4,Avanzado,Moderado,Industrial,Iowa,8,323.7141046610931
306.4842098155692,1946,Avanzado,1,Básico,Moderado,Residencial,Oklahoma,9,12.953962280737358
315.89274256167795,1931,Moderado,7,Moderado,Moderado,Industrial,Oklahoma,9,345.64056896117506
308.44636198231046,2018,Superior,19,Avanzado,Moderado,Residencial,Maine,3,301.3821391115142
343.9403689357101,1950,Básico,11,Avanzado,Avanzado,Industrial,Oklahoma,1,441.2895349324865
343.44647150076,1937,Superior,6,Moderado,Avanzado,Comercial,Utah,7,198.69330454549527
244.1382959452883,1939,Básico,0,Moderado,Básico,Industrial,Iowa,2,182.4125929604893
453.4459681329784,2008,Superior,5,Moderado,Básico,Residencial,Iowa,10,-5.861575595343112
215.40284152155343,2015,Avanzado,13,Avanzado,Avanzado,Industrial,Georgia,6,372.6690885566565
246.13921636953208,1994,Moderado,7,Moderado,Avanzado,Residencial,Utah,10,179.64197297135243
451.3655097570525,2013,Superior,19,Básico,Básico,Industrial,Maryland,2,359.72128713996017
412.7872950707386,1900,Avanzado,4,Avanzado,Básico,Residencial,Minnesota,9,69.93408303738984
366.7498625931648,1949,Básico,17,Moderado,Avanzado,Industrial,Georgia,5,569.2017806862532
95.1020992905355,1900,Básico,6,Moderado,Básico,Residencial,Georgia,8,185.9241878161416
463.7671761851031,2001,Moderado,11,Avanzado,Básico,Comercial,Utah,4,318.77980653676235
371.40858479710016,2013,Moderado,19,Básico,Avanzado,Comercial,Oklahoma,10,373.8183729965441
499.4811529555399,2019,Avanzado,1,Moderado,Básico,Residencial,Maine,7,78.94609407504927
117.2517370960972,1960,Básico,12,Avanzado,Moderado,Residencial,Utah,7,183.31146077062837
440.6567258156964,2007,Básico,7,Moderado,Moderado,Residencial,Michigan,2,293.708724065905
123.12182060436866,1926,Superior,15,Avanzado,Moderado,Industrial,Vermont,1,373.1501330596984
327.0018039277299,2000,Moderado,14,Moderado,Moderado,Residencial,Minnesota,8,124.0739177454554
105.71899228224868,2005,Básico,19,Moderado,Avanzado,Residencial,Michigan,2,449.6442763930951
431.6037031950055,1964,Avanzado,8,Moderado,Avanzado,Comercial,Michigan,5,352.88524903915874
413.2935314262548,1947,Avanzado,4,Básico,Básico,Residencial,Pennsylvania,8,-28.193443256255637
306.095332376567,1952,Básico,13,Avanzado,Moderado,Comercial,Maine,9,257.2078007027893
233.23248375169985,1936,Básico,8,Avanzado,Moderado,Residencial,Iowa,2,253.1110369385308
81.12514795481212,1987,Avanzado,9,Moderado,Avanzado,Comercial,Vermont,7,178.52300685883253
363.8429479150536,2005,Avanzado,18,Avanzado,Moderado,Comercial,Iowa,4,472.7810475216531
254.09420720513097,1957,Superior,18,Básico,Básico,Industrial,Michigan,5,299.1332982480624
374.9250197616566,1999,Avanzado,7,Moderado,Avanzado,Industrial,Utah,1,334.62867684757214
439.8720466678831,1926,Básico,7,Básico,Avanzado,Industrial,Michigan,7,332.8996331023291
488.9846772512986,1955,Superior,11,Avanzado,Moderado,Industrial,Maryland,7,279.55598356057726
435.111504076675,1957,Superior,5,Avanzado,Avanzado,Residencial,Minnesota,9,155.59841297114733
55.27133788325089,1982,Moderado,7,Avanzado,Moderado,Industrial,Maine,9,302.9771931275938
211.99012901526376,1921,Avanzado,12,Básico,Básico,Industrial,Pennsylvania,6,263.03011006395155
378.4957530908261,2010,Avanzado,10,Moderado,Básico,Industrial,Georgia,1,319.50588448175534
127.23335476764824,1969,Avanzado,1,Moderado,Moderado,Residencial,Georgia,9,97.73628882414444
284.46647279185817,1999,Básico,16,Moderado,Básico,Residencial,Oklahoma,5,270.0030724649993
74.45209475266414,1954,Básico,18,Básico,Avanzado,Comercial,Maryland,6,254.48300758358027
139.99843620338004,1984,Moderado,2,Avanzado,Avanzado,Industrial,Vermont,2,474.4047094475725
58.33480750727629,1921,Avanzado,17,Avanzado,Avanzado,Residencial,Vermont,5,336.11447571826653
407.16396651083926,1984,Básico,6,Moderado,Moderado,Comercial,Iowa,9,331.37825175884745
150.76610962717106,2008,Moderado,11,Avanzado,Moderado,Comercial,Michigan,3,329.6734313802982
205.40825631360624,2015,Moderado,3,Avanzado,Básico,Residencial,Maine,2,188.12661365276065
467.6365820595159,1940,Superior,19,Avanzado,Moderado,Comercial,Utah,10,234.4706792703368
366.9864808655897,2019,Básico,13,Básico,Básico,Industrial,Iowa,4,324.40958679998056
64.32751828908853,1914,Avanzado,6,Avanzado,Básico,Comercial,Pennsylvania,7,242.78907995702457
124.11237042406074,1969,Básico,3,Avanzado,Básico,Comercial,Maryland,7,166.81829804075988
329.6652806748936,2004,Básico,0,Avanzado,Moderado,Industrial,Minnesota,3,212.3792916590113
309.75286487187543,1918,Básico,11,Avanzado,Básico,Industrial,Georgia,10,267.0898041322838
157.05176961852888,1934,Superior,4,Moderado,Avanzado,Industrial,Oklahoma,1,249.39006906275864
470.3962990661572,1924,Superior,5,Avanzado,Básico,Industrial,Maine,9,161.75485059552784
326.2846801846532,1974,Avanzado,12,Moderado,Avanzado,Comercial,Iowa,1,388.2070113895991
291.03476136123123,1914,Superior,2,Básico,Moderado,Comercial,Minnesota,1,165.06412758905023
315.4594893595569,1974,Moderado,17,Básico,Moderado,Comercial,Maine,5,227.52821420166543
378.5549132825464,1915,Avanzado,14,Avanzado,Básico,Comercial,Georgia,8,247.4993620310068
190.37524796582085,1923,Superior,9,Moderado,Moderado,Comercial,Maryland,9,229.92583091106937
229.19947799724136,2005,Avanzado,14,Moderado,Moderado,Industrial,Georgia,6,289.06704784081
144.42968703880496,1965,Básico,5,Avanzado,Básico,Industrial,Iowa,6,359.4137092204192
133.78685264615126,1962,Moderado,16,Básico,Básico,Residencial,Maryland,6,198.35342948076743
474.9675754927701,1931,Avanzado,6,Avanzado,Moderado,Industrial,Oklahoma,9,289.4576343043157
382.7978577721794,1900,Básico,13,Básico,Avanzado,Industrial,Michigan,3,402.5604901021581
270.7064638779052,1944,Moderado,19,Moderado,Básico,Comercial,Pennsylvania,10,241.60258571274065
152.33658258799545,1954,Moderado,9,Básico,Moderado,Industrial,Michigan,6,192.55707830605604
164.46041679667684,1967,Avanzado,11,Avanzado,Avanzado,Industrial,Michigan,3,354.54613141483765
76.11312214574403,1965,Básico,5,Avanzado,Básico,Residencial,Vermont,5,154.2105480680603
245.48748150115435,2018,Avanzado,3,Básico,Avanzado,Comercial,Iowa,7,137.42083322328097
190.30814689734612,2004,Avanzado,15,Moderado,Básico,Comercial,Iowa,10,205.28942672613297
363.3545699669568,1940,Avanzado,10,Básico,Moderado,Residencial,Oklahoma,5,250.96240029213675
219.9883276816164,1924,Superior,6,Básico,Básico,Comercial,Maryland,1,177.0883034883476
130.82165490183564,1995,Básico,6,Avanzado,Moderado,Residencial,Vermont,1,302.96033098178395
61.10542777609905,1927,Básico,3,Avanzado,Básico,Comercial,Georgia,5,117.2229254158467
80.26233415846187,1938,Superior,6,Avanzado,Moderado,Industrial,Minnesota,8,269.5004576667664
355.72674807435527,1949,Básico,13,Moderado,Moderado,Comercial,Pennsylvania,6,315.1183242176245
254.1635800502204,1983,Básico,13,Avanzado,Básico,Comercial,Utah,4,388.1273287191864
291.460644998925,1926,Básico,17,Básico,Avanzado,Residencial,Maine,7,279.3192902257119
453.50208186815394,1912,Superior,8,Moderado,Moderado,Industrial,Oklahoma,9,288.1135277626188
495.65252632851696,1985,Superior,1,Moderado,Moderado,Comercial,Georgia,9,79.23002020735566
147.60364297931326,1957,Básico,8,Avanzado,Básico,Comercial,Utah,10,189.9574949413607
348.3851913950453,1923,Moderado,1,Básico,Moderado,Comercial,Georgia,2,154.10792060088312
168.49506953171775,1941,Superior,16,Avanzado,Moderado,Comercial,Utah,4,361.4827434051194
59.29294975957791,1933,Avanzado,8,Moderado,Moderado,Comercial,Pennsylvania,9,178.32102775793402
391.2703942262637,1928,Moderado,16,Avanzado,Básico,Residencial,Pennsylvania,7,251.44260939282208
194.00771787011053,1944,Avanzado,12,Moderado,Avanzado,Comercial,Utah,1,391.9247800345257
222.5587523773541,1986,Básico,7,Básico,Moderado,Residencial,Maryland,5,204.1508006785789
314.7427010991226,1975,Superior,18,Avanzado,Avanzado,Industrial,Utah,3,497.1493638600575
423.9718048562857,1903,Básico,12,Avanzado,Moderado,Comercial,Vermont,9,346.44049906341314
333.0418296160169,2010,Avanzado,8,Básico,Moderado,Residencial,Georgia,9,151.08822287037785
442.6927949513279,1902,Avanzado,0,Avanzado,Básico,Comercial,Georgia,4,163.5033911649445
173.0939156670361,1951,Básico,10,Avanzado,Moderado,Industrial,Pennsylvania,2,392.0032321914573
409.1210752606536,1991,Moderado,4,Moderado,Moderado,Residencial,Maryland,9,80.23505374018632
133.53617493767848,2002,Básico,12,Moderado,Básico,Residencial,Georgia,10,88.2136127201138
478.7562456373751,2006,Superior,1,Avanzado,Avanzado,Comercial,Pennsylvania,1,218.26456008061223
359.36972437451686,2022,Avanzado,10,Moderado,Moderado,Residencial,Vermont,6,47.63902795936573
146.9784547011013,1999,Básico,4,Moderado,Básico,Industrial,Utah,6,228.00309769717543
476.3167657200159,1987,Moderado,10,Moderado,Avanzado,Comercial,Minnesota,4,301.6095232637646
378.885113046571,1966,Superior,17,Avanzado,Básico,Residencial,Utah,1,366.42104503424486
164.27373916776162,1965,Avanzado,16,Básico,Moderado,Comercial,Oklahoma,8,189.59742050770143
145.99038981536688,1964,Avanzado,16,Básico,Moderado,Residencial,Vermont,9,190.04564611886173
283.19032126879847,2018,Avanzado,12,Moderado,Avanzado,Comercial,Vermont,8,267.22611751927195
61.548223124539206,2020,Avanzado,18,Moderado,Avanzado,Industrial,Utah,5,341.2857569567763
143.36153394849924,1954,Moderado,10,Moderado,Avanzado,Industrial,Pennsylvania,9,315.28750868609154
241.1084609381778,2008,Moderado,3,Básico,Avanzado,Industrial,Minnesota,3,152.0797289788702
218.3764911504015,1963,Avanzado,7,Avanzado,Básico,Comercial,Oklahoma,8,157.5113218611948
258.60894096416484,2000,Moderado,6,Básico,Moderado,Comercial,Maine,2,226.29693803385405
174.93291783262936,1925,Básico,1,Avanzado,Básico,Comercial,Oklahoma,1,230.59340214850863
314.05295590617595,1929,Avanzado,17,Básico,Básico,Residencial,Minnesota,1,261.3102991012744
438.73502266545415,1997,Avanzado,9,Moderado,Básico,Comercial,Maryland,8,198.6878100965584
102.88933518291488,1990,Moderado,10,Básico,Básico,Industrial,Maryland,1,291.9408774337033
282.8205982193514,1955,Básico,3,Moderado,Básico,Industrial,Michigan,2,165.2467217733084
109.430647855319,1974,Avanzado,7,Moderado,Moderado,Comercial,Utah,7,163.01879345061442
372.5868565366672,1922,Básico,7,Avanzado,Básico,Industrial,Utah,5,239.02967738903783
228.22686626328215,2017,Moderado,3,Moderado,Avanzado,Residencial,Maryland,3,171.70679976507128
304.43959033632905,1967,Moderado,17,Básico,Básico,Industrial,Iowa,9,349.56577420481744
132.4759262963354,2000,Moderado,17,Avanzado,Avanzado,Residencial,Michigan,3,362.2241927903703
115.18149170451976,2015,Básico,0,Básico,Básico,Industrial,Oklahoma,8,161.26224767686546
269.6253262920295,1940,Básico,4,Moderado,Avanzado,Industrial,Utah,2,333.01887880446134
210.02573203248,2004,Moderado,3,Básico,Moderado,Industrial,Oklahoma,6,234.6833217360141
473.19437536376586,2011,Avanzado,11,Básico,Avanzado,Comercial,Georgia,2,241.0137825678479
394.3963642131344,1962,Superior,15,Avanzado,Moderado,Industrial,Iowa,10,315.3668929535944
386.8986289327463,1926,Básico,2,Moderado,Básico,Industrial,Utah,10,248.94226688230887
456.67388288567,1954,Básico,0,Avanzado,Moderado,Comercial,Oklahoma,6,276.890303045458
87.54009594890834,1952,Avanzado,8,Moderado,Moderado,Comercial,Maryland,8,218.65279370699372
298.48661146508294,1981,Básico,8,Avanzado,Moderado,Comercial,Michigan,2,369.7186993193604
313.014231030096,2005,Básico,14,Básico,Moderado,Comercial,Michigan,9,222.80933861847723
482.87137034625306,1939,Moderado,7,Básico,Avanzado,Residencial,Vermont,7,155.6939764793669
181.466387056647,1959,Avanzado,1,Avanzado,Moderado,Residencial,Iowa,9,109.71063441916505
158.37295096195106,1941,Moderado,2,Básico,Avanzado,Industrial,Iowa,8,278.95863710145045
95.132274019474,1913,Superior,6,Avanzado,Avanzado,Residencial,Maryland,8,141.584541607372
57.39333331616339,1958,Superior,3,Avanzado,Básico,Comercial,Maryland,5,155.83662134812164
468.28819255648574,1960,Superior,0,Moderado,Moderado,Residencial,Pennsylvania,5,151.00800625475688
351.4624459659095,1973,Superior,9,Básico,Básico,Industrial,Maine,10,129.69816715739324
403.318810410412,1953,Superior,18,Moderado,Avanzado,Industrial,Iowa,6,464.8380363162856
176.77854758927708,1905,Moderado,19,Moderado,Básico,Comercial,Utah,2,361.4885532579264
313.88457478384703,1991,Básico,4,Básico,Moderado,Residencial,Oklahoma,3,215.93647818436608
78.7798697544415,1994,Superior,14,Básico,Avanzado,Residencial,Iowa,5,256.0884313566316
268.5324181705803,1989,Avanzado,18,Avanzado,Básico,Residencial,Vermont,10,185.1428840982149
489.87281288500105,1999,Superior,10,Básico,Básico,Industrial,Georgia,2,250.5188677082344
444.42736039246586,1963,Superior,14,Moderado,Moderado,Industrial,Oklahoma,10,304.75475176841667
202.17152832658053,1957,Superior,6,Avanzado,Avanzado,Residencial,Minnesota,1,201.8579960466569
482.70656954367433,2012,Básico,12,Avanzado,Básico,Industrial,Minnesota,3,402.4217948597434
154.26573191204204,1934,Avanzado,3,Avanzado,Moderado,Comercial,Pennsylvania,1,159.83155107016637
477.1934700870567,1971,Avanzado,14,Avanzado,Moderado,Comercial,Michigan,10,275.4017329444032
473.6199671179244,2011,Avanzado,14,Básico,Básico,Residencial,Maryland,9,164.12276188065775
409.64116430857626,1929,Superior,5,Moderado,Avanzado,Industrial,Minnesota,9,254.35705851394505
333.701571590056,1947,Básico,13,Avanzado,Moderado,Residencial,Minnesota,6,270.5455979847758
443.4295849812261,1944,Básico,5,Moderado,Avanzado,Industrial,Minnesota,9,245.96955060210504
181.8591280285085,2006,Superior,16,Básico,Básico,Comercial,Georgia,7,142.47242251694044
432.0245998908132,1928,Avanzado,13,Básico,Avanzado,Comercial,Pennsylvania,2,375.2756128589335
328.0445113628857,1901,Básico,3,Básico,Básico,Comercial,Michigan,8,111.07292594168098
55.95658599150477,2022,Moderado,9,Moderado,Básico,Industrial,Utah,9,160.74738979515584
206.2550830694988,1900,Básico,18,Avanzado,Avanzado,Comercial,Oklahoma,8,394.77246879413815
116.66338742667426,1949,Básico,10,Básico,Básico,Residencial,Iowa,3,152.55907461438318
491.823225418214,1908,Avanzado,9,Moderado,Básico,Industrial,Vermont,8,263.85458085866856
265.26663816799464,1973,Moderado,18,Moderado,Avanzado,Comercial,Vermont,6,277.5663090345917
273.8261144743982,1943,Moderado,0,Moderado,Moderado,Comercial,Iowa,9,114.289705028982
337.7626323794256,1936,Superior,8,Avanzado,Básico,Comercial,Maryland,2,153.8966667334288
215.8630727583279,1992,Superior,1,Avanzado,Básico,Residencial,Utah,2,102.4777586810156
111.60512225851951,1993,Moderado,2,Moderado,Avanzado,Industrial,Michigan,9,288.3014277962148
419.9529799374105,1932,Moderado,5,Moderado,Básico,Industrial,Oklahoma,3,317.44356099761865
135.43156035624108,2012,Básico,13,Moderado,Básico,Comercial,Maryland,4,250.68743525339983
280.0935421459052,2019,Básico,3,Avanzado,Moderado,Residencial,Utah,4,147.38687613203984
150.94266303863267,1900,Superior,13,Básico,Avanzado,Residencial,Maine,7,195.95682858867465
94.03001802231532,1959,Básico,8,Básico,Básico,Residencial,Oklahoma,4,100.29487287958852
437.9861828397575,1973,Moderado,19,Básico,Moderado,Comercial,Vermont,3,397.0326488111651
487.8137700604086,1942,Superior,9,Avanzado,Básico,Residencial,Michigan,6,218.85524690402215
482.3755961283501,1900,Avanzado,7,Básico,Avanzado,Residencial,Vermont,7,154.69573210179044
457.9499746495305,2019,Moderado,1,Básico,Básico,Residencial,Vermont,6,71.77271989975128
398.32129971438746,1946,Moderado,9,Moderado,Avanzado,Residencial,Maryland,5,357.8434072032984
199.9153184128889,1932,Básico,10,Avanzado,Básico,Comercial,Maine,1,367.7401911179271
86.49562549459854,1991,Avanzado,6,Avanzado,Moderado,Residencial,Minnesota,2,166.2413712065763
233.2585271362133,1937,Avanzado,3,Avanzado,Avanzado,Comercial,Maine,1,266.61807178999453
154.50536397692423,2006,Moderado,15,Básico,Avanzado,Residencial,Michigan,9,191.49371084087383
109.61943564109234,2001,Avanzado,9,Básico,Moderado,Comercial,Oklahoma,7,218.32737090545524
74.04223180407136,1923,Avanzado,16,Moderado,Moderado,Industrial,Iowa,4,333.6362137943111
376.51746389476045,2004,Superior,2,Moderado,Avanzado,Comercial,Utah,8,162.00507262603836
55.142356381263966,1920,Avanzado,0,Básico,Moderado,Industrial,Oklahoma,5,138.4368163907226
396.7613368262493,1908,Moderado,10,Avanzado,Moderado,Residencial,Vermont,8,311.9851990253469
116.12599043016876,1941,Moderado,19,Básico,Básico,Comercial,Georgia,10,240.36638012275932
85.78493716404009,1914,Básico,4,Avanzado,Básico,Comercial,Michigan,7,190.48815302443484
90.32136540737244,1964,Básico,11,Avanzado,Avanzado,Comercial,Iowa,5,267.5290375967503
352.4215133092615,1980,Superior,0,Avanzado,Avanzado,Comercial,Utah,3,147.7901111005925
160.41524443378017,2017,Superior,16,Básico,Avanzado,Industrial,Maryland,7,280.9839427515476
239.2427600060443,1980,Avanzado,14,Básico,Moderado,Residencial,Minnesota,1,235.75794062501367
300.8159560957626,1951,Superior,14,Básico,Moderado,Residencial,Georgia,4,169.2584860630973
437.2480282229572,1915,Moderado,3,Moderado,Moderado,Industrial,Minnesota,10,190.11431484533296
377.1699182200977,1911,Superior,17,Básico,Avanzado,Residencial,Vermont,6,348.436497141302
171.6475573574216,1948,Básico,17,Avanzado,Básico,Industrial,Michigan,9,337.0533078609289
109.16725968100742,1911,Avanzado,5,Avanzado,Básico,Industrial,Maryland,1,257.63580848096376
74.91844418953907,1967,Moderado,11,Moderado,Avanzado,Residencial,Maryland,9,170.5391102307992
185.71938551642413,1998,Moderado,5,Básico,Moderado,Industrial,Michigan,5,267.7593345069399
167.9531671578552,1956,Básico,19,Moderado,Básico,Residencial,Minnesota,4,228.77231296034927
255.26325506021584,2018,Avanzado,6,Moderado,Moderado,Comercial,Vermont,7,166.78857490180238
357.4766009964562,1967,Moderado,4,Básico,Moderado,Comercial,Utah,6,127.3078763908656
363.03145053748574,1976,Básico,17,Avanzado,Moderado,Industrial,Georgia,6,448.536808090501
177.583480961975,1984,Moderado,12,Moderado,Moderado,Comercial,Maryland,2,204.8787799107692
220.9671301550542,1934,Moderado,12,Moderado,Básico,Comercial,Maine,5,211.78116613405075
131.51793278160636,1945,Básico,3,Avanzado,Avanzado,Industrial,Georgia,3,302.08154677652146
404.84548053793344,1915,Avanzado,15,Moderado,Básico,Residencial,Oklahoma,5,223.55272885746507
75.58163439495814,2019,Básico,8,Básico,Básico,Comercial,Georgia,3,194.4284454637705
363.6487587762443,1917,Moderado,6,Básico,Básico,Industrial,Utah,1,338.88416559895444
400.4129281734965,1976,Superior,2,Avanzado,Moderado,Comercial,Oklahoma,5,237.1836743468414
399.8334028319389,1958,Avanzado,17,Básico,Básico,Comercial,Utah,1,339.6037593930415
166.7401539554097,1923,Moderado,6,Moderado,Avanzado,Comercial,Iowa,10,97.9891878009846
218.21591206965263,1977,Superior,3,Avanzado,Básico,Industrial,Maine,6,236.4102026171866
314.41983583837504,1999,Moderado,14,Moderado,Moderado,Industrial,Maryland,2,426.64996886623294
172.76985609101015,1979,Básico,6,Básico,Básico,Industrial,Pennsylvania,4,215.46397258443017
216.88375964804996,1933,Avanzado,4,Básico,Avanzado,Industrial,Maryland,5,309.9712202651087
138.67442608353784,1957,Superior,15,Avanzado,Moderado,Residencial,Vermont,4,282.51505551915795
256.93514769020334,1973,Superior,14,Básico,Avanzado,Industrial,Pennsylvania,10,247.59360209676672
70.07553556435134,1971,Moderado,2,Moderado,Básico,Residencial,Michigan,8,45.00267759712723
409.9081480567781,1953,Avanzado,6,Básico,Moderado,Industrial,Oklahoma,9,59.77094436444602
84.63040114398473,2016,Básico,10,Moderado,Moderado,Residencial,Pennsylvania,4,217.0338179120378
283.4758169741867,1933,Superior,15,Avanzado,Avanzado,Residencial,Georgia,4,356.7216353887674
188.06454479533824,1932,Superior,6,Básico,Básico,Comercial,Pennsylvania,1,203.42284093646467
309.89432697411894,1915,Avanzado,16,Avanzado,Moderado,Industrial,Oklahoma,3,440.85166656632384
481.7450033750413,1903,Avanzado,8,Avanzado,Moderado,Industrial,Maine,6,320.4187608388837
340.50661000520176,1927,Básico,16,Moderado,Moderado,Residencial,Maryland,9,291.06526234092524
65.9130960899709,1937,Moderado,19,Moderado,Avanzado,Industrial,Michigan,3,425.8147454060838
243.6810977786276,2010,Básico,9,Moderado,Avanzado,Industrial,Utah,6,292.4628436447025
279.5075835432126,1989,Avanzado,11,Básico,Avanzado,Industrial,Oklahoma,9,354.34832315452945
291.2798726165534,1949,Básico,11,Moderado,Moderado,Comercial,Iowa,4,361.2267167290916
356.62662977172704,1947,Avanzado,10,Básico,Básico,Industrial,Vermont,1,249.7033678917905
174.91824397929474,2021,Básico,0,Básico,Básico,Residencial,Pennsylvania,8,67.73275603493292
107.98725445984408,2010,Superior,12,Básico,Básico,Comercial,Utah,10,198.6527771733777
226.7040544461925,1991,Básico,11,Básico,Avanzado,Comercial,Michigan,9,331.9605591006884
480.382575258177,2013,Básico,19,Básico,Básico,Residencial,Maine,6,311.18774676727446
134.20890128788014,1989,Básico,8,Básico,Básico,Residencial,Oklahoma,7,205.5613132510075
456.79277971770665,2007,Avanzado,7,Moderado,Moderado,Residencial,Maine,8,110.93968902803886
294.71267753479685,1902,Superior,8,Moderado,Moderado,Comercial,Georgia,8,188.7294562153303
255.6101397405946,1954,Avanzado,7,Avanzado,Avanzado,Industrial,Michigan,5,339.87992683825155
446.9186346034503,1911,Moderado,1,Básico,Moderado,Residencial,Utah,1,190.98090400556003
256.3717827958636,2014,Moderado,11,Básico,Básico,Comercial,Maryland,6,186.33938904068037
375.8754364751945,2008,Avanzado,4,Avanzado,Básico,Comercial,Oklahoma,1,240.29673148393456
229.5613947663959,1912,Moderado,19,Avanzado,Moderado,Residencial,Michigan,1,331.3385087988507
456.819976805431,1974,Básico,15,Moderado,Avanzado,Residencial,Maine,1,418.4944869675147
360.5112590860523,2007,Superior,10,Avanzado,Básico,Industrial,Iowa,6,255.6156618198877
364.8299244127325,2010,Avanzado,4,Avanzado,Básico,Industrial,Vermont,4,249.31292415606023
197.4741807007035,1979,Avanzado,18,Básico,Básico,Residencial,Georgia,6,219.08137187036084
390.55038923160015,1964,Superior,11,Moderado,Moderado,Industrial,Maryland,3,317.618210662949
336.2274749512136,1975,Superior,3,Moderado,Básico,Comercial,Oklahoma,7,222.4256935100383
158.0091230208693,1911,Avanzado,18,Avanzado,Moderado,Industrial,Pennsylvania,7,384.9790056635016
122.2424701183654,1915,Superior,18,Básico,Moderado,Residencial,Iowa,3,141.68736554678355
408.3761635327993,1939,Superior,19,Moderado,Moderado,Industrial,Iowa,10,375.6693755416698
481.6249713658501,1982,Superior,15,Básico,Moderado,Residencial,Oklahoma,4,190.65180601619787
256.16247226701927,1954,Básico,7,Avanzado,Moderado,Industrial,Pennsylvania,10,266.28072949748383
315.94287439565824,1961,Moderado,4,Avanzado,Moderado,Residencial,Minnesota,5,161.7420291032088
435.9751898870996,1956,Básico,17,Moderado,Básico,Industrial,Maryland,2,468.3476576372557
255.75055400923569,2012,Superior,9,Básico,Básico,Comercial,Maine,10,27.680427902040577
478.3435145747313,2008,Superior,6,Básico,Básico,Industrial,Oklahoma,6,249.45324934589257
309.0880229201926,2011,Moderado,11,Moderado,Moderado,Comercial,Pennsylvania,10,143.19090162948493
419.3452043155917,1948,Avanzado,15,Básico,Moderado,Industrial,Oklahoma,4,305.3219459166331
458.97967328573225,2014,Básico,19,Moderado,Básico,Comercial,Pennsylvania,1,445.00082858525104
416.985718445856,2022,Avanzado,15,Básico,Moderado,Comercial,Vermont,7,304.82793590858125
121.73650855203016,1931,Moderado,17,Moderado,Moderado,Industrial,Michigan,8,265.1736947629033
333.0042975777652,1964,Moderado,8,Básico,Básico,Residencial,Maryland,7,168.0062521369564
229.2954163788547,2020,Moderado,1,Avanzado,Moderado,Comercial,Maryland,5,201.10665998979007
78.22082841050556,1935,Superior,14,Básico,Básico,Comercial,Vermont,8,123.84598266632698
240.81451335042888,1974,Básico,9,Moderado,Moderado,Comercial,Maine,7,272.1985917431243
166.40783010023347,1981,Avanzado,3,Básico,Moderado,Residencial,Utah,2,143.36053158681395
432.0672387928298,1994,Moderado,5,Avanzado,Básico,Comercial,Utah,6,191.24165767699373
64.98708194601329,1935,Superior,14,Moderado,Básico,Residencial,Vermont,1,241.7001059473548
481.5422248385631,1946,Superior,13,Básico,Básico,Residencial,Maryland,2,175.82481991054743
209.91598181236836,1990,Superior,18,Moderado,Básico,Industrial,Maryland,7,342.4442890161497
210.5181006811443,2003,Moderado,5,Avanzado,Avanzado,Industrial,Minnesota,6,196.84325781712909
57.34782620766855,1990,Moderado,9,Moderado,Básico,Residencial,Minnesota,3,123.04005647429824
133.35454635628275,1976,Avanzado,5,Avanzado,Avanzado,Residencial,Oklahoma,1,209.4026931640396
230.56677536162397,1937,Avanzado,7,Moderado,Avanzado,Comercial,Oklahoma,2,256.50422987365084
468.18113778622126,1983,Básico,10,Moderado,Moderado,Residencial,Oklahoma,10,165.36118927437846
94.8267185995721,1970,Superior,5,Básico,Moderado,Comercial,Pennsylvania,7,21.565457887155944
475.3856900655858,1990,Moderado,4,Moderado,Moderado,Industrial,Maryland,4,331.3707695123307
441.2698387459845,1954,Avanzado,1,Moderado,Avanzado,Comercial,Minnesota,4,241.90778276761768
254.3730786083983,1967,Básico,8,Moderado,Avanzado,Industrial,Maine,7,389.8039628693016
197.01539679571704,1926,Básico,10,Básico,Avanzado,Industrial,Pennsylvania,5,350.13533387877834
154.7348581755756,1902,Moderado,12,Básico,Avanzado,Comercial,Maryland,4,249.20570316913685
326.50911791459345,1941,Superior,5,Moderado,Básico,Residencial,Minnesota,6,141.01888079315376
64.88356616397753,1968,Avanzado,15,Avanzado,Moderado,Comercial,Michigan,6,325.48940755067576
57.0227290010727,2007,Superior,15,Moderado,Moderado,Comercial,Minnesota,3,232.9477220163057
242.95807512420703,1974,Superior,16,Moderado,Avanzado,Industrial,Michigan,2,325.71857530014154
80.6333332886241,2015,Avanzado,4,Avanzado,Avanzado,Residencial,Utah,3,192.23755714967237
163.3734447107418,1999,Básico,14,Avanzado,Avanzado,Comercial,Georgia,2,440.0324140139113
149.52241190573773,1931,Avanzado,15,Avanzado,Moderado,Industrial,Iowa,9,258.93619022895126
163.93603717528336,1972,Superior,17,Avanzado,Básico,Comercial,Iowa,6,215.59936380924464
108.974854046866,1938,Básico,9,Avanzado,Avanzado,Residencial,Minnesota,3,274.2982914067
55.416300303944425,1919,Superior,0,Básico,Avanzado,Industrial,Minnesota,8,170.31718851185678
101.96793371243665,1916,Superior,16,Básico,Moderado,Industrial,Vermont,8,289.3452018277917
328.31611678073654,1983,Avanzado,6,Moderado,Básico,Industrial,Pennsylvania,1,336.0390272539219
488.4152957681226,1999,Básico,0,Básico,Básico,Industrial,Maryland,4,176.13319183548728
495.6552507024023,1915,Básico,15,Avanzado,Moderado,Industrial,Michigan,1,400.3777097731624
234.0743429178777,1964,Básico,6,Básico,Básico,Residencial,Pennsylvania,5,160.4844048164632
123.3294917209724,2011,Moderado,4,Básico,Básico,Residencial,Maine,2,92.605689884697
337.4427908149382,1960,Moderado,13,Moderado,Avanzado,Industrial,Maine,3,438.2595244568205
270.6374059469317,1970,Superior,15,Avanzado,Moderado,Residencial,Iowa,1,210.54600986156345
495.23439977799416,1914,Superior,7,Moderado,Básico,Residencial,Michigan,10,1.7361380405921096
79.38689321830108,1938,Superior,4,Básico,Moderado,Residencial,Iowa,4,54.18648395487829
402.4554972412159,1918,Moderado,7,Básico,Moderado,Comercial,Michigan,3,212.42311452045084
179.77932379917226,1952,Superior,1,Moderado,Avanzado,Comercial,Minnesota,1,243.24813921180845
158.6383790344583,1994,Moderado,6,Avanzado,Moderado,Industrial,Iowa,7,306.40105932140074
348.1270571897042,1925,Avanzado,3,Avanzado,Avanzado,Residencial,Utah,7,177.3626605917248
160.728433245934,1991,Superior,6,Moderado,Moderado,Industrial,Iowa,3,314.3444501451782
349.6366029016345,1941,Básico,9,Básico,Moderado,Comercial,Maryland,10,291.71372359996457
282.78883274103,2008,Moderado,9,Moderado,Moderado,Residencial,Oklahoma,1,255.28472351006096
240.8400447961322,1958,Moderado,0,Avanzado,Avanzado,Residencial,Iowa,8,160.49973197728977
299.6095138976385,1938,Avanzado,0,Avanzado,Moderado,Residencial,Pennsylvania,4,70.34129377400127
179.1731839638334,1948,Avanzado,13,Avanzado,Moderado,Residencial,Minnesota,7,252.25095808942183
367.9586178228405,1987,Avanzado,12,Moderado,Avanzado,Residencial,Vermont,7,290.94239919586136
236.6855912001038,1941,Superior,5,Moderado,Básico,Industrial,Michigan,2,245.0512707444444